,loss,acc
0,1.0985885858535767,0.421875
