,train-loss,train-acc,dev-loss,dev-acc,test-loss,test-acc
0,1.0983657836914062,0.609375,1.0985885858535767,0.421875,1.0985686779022217,0.4126984179019928
