,loss,acc
0,1.0983657836914062,0.609375
