,loss,acc
0,1.0985686779022217,0.4126984179019928
