,loss,acc
0,1.0986016988754272,0.484375
