,train-loss,train-acc,dev-loss,dev-acc,test-loss,test-acc
0,1.0986016988754272,0.484375,1.098607063293457,0.3125,1.0986063480377197,0.4285714328289032
