,loss,acc
0,1.0986063480377197,0.4285714328289032
