,loss,acc
0,1.0986117124557495,0.3492063581943512
