,train-loss,train-acc,dev-loss,dev-acc,test-loss,test-acc
0,1.0986104011535645,0.375,1.0986095666885376,0.421875,1.0986117124557495,0.3492063581943512
