,loss,acc
0,1.0986038446426392,0.34375
